COMPETITOR,COUNTRY,CITY,ZONE,ZONE_TYPE,ZONE_PRIORITIZATION,METRIC,L8W_ROLL,L7W_ROLL,L6W_ROLL,L5W_ROLL,L4W_ROLL,L3W_ROLL,L2W_ROLL,L1W_ROLL,L0W_ROLL
Rappi,MX,Mexico City,Polanco,Wealthy,Prioritized,Delivery Fee (MXN),20.38,21.13,17.98,18.9,20.83,18.93,20.72,18.13,19.26
Rappi,MX,Mexico City,Polanco,Wealthy,Prioritized,Service Fee (%),0.1158087495,0.1217816948,0.110790257,0.1202659996,0.1080791793,0.1203304307,0.1218445275,0.1053654587,0.1411903815
Rappi,MX,Mexico City,Polanco,Wealthy,Prioritized,Avg Delivery Time (mins),23.06,25.98,22.72,22.93,23.86,23.91,24.64,28.43,28.51
Rappi,MX,Mexico City,Polanco,Wealthy,Prioritized,Customer Satisfaction Score,4.55,4.27,4.28,4.38,4.52,4.39,4.39,4.41,4.48
Rappi,MX,Mexico City,Polanco,Wealthy,Prioritized,Retail SST > SS CVR,0.8210387532,0.9226275651,0.884487089,0.8275331058,0.9386336224,0.819969426,0.8348067021,0.9194489583,0.9310078513
Rappi,MX,Mexico City,Polanco,Wealthy,Prioritized,Restaurants SST > SS CVR,0.5824930335,0.6834962233,0.6806418607,0.6342354333,0.5325858401,0.5629184177,0.603957707,0.6866292957,0.6356032645
Rappi,MX,Mexico City,Polanco,Wealthy,Prioritized,Orders,106030.42,111022.28,163461.79,146206.33,140787.25,154520.12,157854.14,111650.59,112350.33
Rappi,MX,Mexico City,Roma Norte,Wealthy,Prioritized,Delivery Fee (MXN),22.04,18.05,19.12,18.18,21.39,20.48,20.37,21.31,19.59
Rappi,MX,Mexico City,Roma Norte,Wealthy,Prioritized,Service Fee (%),0.1082983494,0.1244025668,0.1007036808,0.1342002939,0.1057288437,0.1372681658,0.1288771648,0.1110049585,0.1156219439
Rappi,MX,Mexico City,Roma Norte,Wealthy,Prioritized,Avg Delivery Time (mins),25.88,23.15,23.32,22.41,25.06,24.52,25.2,25.91,26.82
Rappi,MX,Mexico City,Roma Norte,Wealthy,Prioritized,Customer Satisfaction Score,4.33,4.65,4.41,4.56,4.41,4.4,4.59,4.38,4.59
Rappi,MX,Mexico City,Roma Norte,Wealthy,Prioritized,Retail SST > SS CVR,0.9539542841,0.866485761,0.8505247888,0.8559813242,0.825883934,0.7790303507,0.8958549536,0.877990236,0.8877653159
Rappi,MX,Mexico City,Roma Norte,Wealthy,Prioritized,Restaurants SST > SS CVR,0.6202385159,0.6835016197,0.6663148154,0.5584384209,0.5798496255,0.7077638794,0.7108492287,0.6852985936,0.6475887518
Rappi,MX,Mexico City,Roma Norte,Wealthy,Prioritized,Orders,115690.76,107953.23,131561.31,167788.62,151674.05,107844.05,135075.74,166730.95,115503.7
Rappi,MX,Mexico City,Condesa,Wealthy,Prioritized,Delivery Fee (MXN),21.01,18.78,22.17,19.46,21.46,18.59,22.03,21.21,19.04
Rappi,MX,Mexico City,Condesa,Wealthy,Prioritized,Service Fee (%),0.1348375116,0.1380222787,0.1204646546,0.1331189079,0.1303517591,0.1342821402,0.1122212254,0.1197028064,0.1189274412
Rappi,MX,Mexico City,Condesa,Wealthy,Prioritized,Avg Delivery Time (mins),23.89,21.36,26.63,22.8,26.01,24.88,22.37,25.52,27.36
Rappi,MX,Mexico City,Condesa,Wealthy,Prioritized,Customer Satisfaction Score,4.42,4.5,4.36,4.39,4.59,4.36,4.3,4.5,4.46
Rappi,MX,Mexico City,Condesa,Wealthy,Prioritized,Retail SST > SS CVR,0.9611811088,0.8910464298,0.8455245676,0.8709994869,0.7775213596,0.7772535074,0.9434438459,0.8430991025,0.8718880742
Rappi,MX,Mexico City,Condesa,Wealthy,Prioritized,Restaurants SST > SS CVR,0.5756113893,0.6249023961,0.6280484741,0.621407968,0.6581892756,0.6396649208,0.5700006033,0.5592632382,0.7151965936
Rappi,MX,Mexico City,Condesa,Wealthy,Prioritized,Orders,126116.76,128425.72,153636.12,167897.39,104047.82,97872.12,108760.61,101251.21,139198.22
Rappi,MX,Mexico City,Del Valle,Wealthy,Prioritized,Delivery Fee (MXN),20.79,18.84,21.29,21.58,18.51,21.65,21.77,20.03,20.2
Rappi,MX,Mexico City,Del Valle,Wealthy,Prioritized,Service Fee (%),0.1337641884,0.1320208093,0.1066399029,0.1225647039,0.1154789323,0.1121761743,0.1328748991,0.1158178235,0.1386324586
Rappi,MX,Mexico City,Del Valle,Wealthy,Prioritized,Avg Delivery Time (mins),25.68,23.43,26.56,27.37,22.54,22.43,25.41,23.37,23.34
Rappi,MX,Mexico City,Del Valle,Wealthy,Prioritized,Customer Satisfaction Score,4.41,4.36,4.38,4.44,4.41,4.39,4.63,4.64,4.34
Rappi,MX,Mexico City,Del Valle,Wealthy,Prioritized,Retail SST > SS CVR,0.9208545736,0.8917085957,0.8161977882,0.799693058,0.7837922964,0.8273888299,0.9179886949,0.9348728462,0.8677109159
Rappi,MX,Mexico City,Del Valle,Wealthy,Prioritized,Restaurants SST > SS CVR,0.615249301,0.5780066854,0.5791370452,0.6712445995,0.5655749641,0.7164324221,0.6698584137,0.635273342,0.6753819638
Rappi,MX,Mexico City,Del Valle,Wealthy,Prioritized,Orders,99126.63,166829.66,129787.02,110822.32,124822.74,125897.13,170791.17,142709.18,124524.81
Rappi,MX,Mexico City,Santa Fe,Wealthy,Prioritized,Delivery Fee (MXN),20.04,22.34,22.29,20.29,22.53,17.32,20.11,21.18,20.13
Rappi,MX,Mexico City,Santa Fe,Wealthy,Prioritized,Service Fee (%),0.141645672,0.1332823181,0.1150076341,0.1044927015,0.1364892768,0.1403306524,0.1342489372,0.1319547882,0.1153957298
Rappi,MX,Mexico City,Santa Fe,Wealthy,Prioritized,Avg Delivery Time (mins),27.96,23.69,25.42,22.99,25.67,25.83,25.43,27.05,21.94
Rappi,MX,Mexico City,Santa Fe,Wealthy,Prioritized,Customer Satisfaction Score,4.55,4.46,4.26,4.42,4.41,4.54,4.5,4.44,4.64
Rappi,MX,Mexico City,Santa Fe,Wealthy,Prioritized,Retail SST > SS CVR,0.8501155069,0.8569174223,0.9022372497,0.8619204965,0.8764043439,0.7872899484,0.7963937793,0.8300747465,0.8170678782
Rappi,MX,Mexico City,Santa Fe,Wealthy,Prioritized,Restaurants SST > SS CVR,0.7006249546,0.6417437366,0.5559360464,0.5659055638,0.5562327543,0.568270495,0.5771354775,0.6476820684,0.5733507336
Rappi,MX,Mexico City,Santa Fe,Wealthy,Prioritized,Orders,128461.08,162678.26,99963.89,154265.65,105905.99,121925.65,134219.87,132810.47,98152.8
Rappi,MX,Mexico City,Lomas de Chapultepec,Wealthy,Prioritized,Delivery Fee (MXN),21.68,20.11,18.33,19.61,18.84,17.76,18.52,19.2,20.74
Rappi,MX,Mexico City,Lomas de Chapultepec,Wealthy,Prioritized,Service Fee (%),0.1315545522,0.1037071915,0.1252919631,0.1146460432,0.1104362805,0.1263710801,0.1175787521,0.1222723182,0.1019036549
Rappi,MX,Mexico City,Lomas de Chapultepec,Wealthy,Prioritized,Avg Delivery Time (mins),22.84,22.72,23.77,22.53,25.41,22.49,28.63,26.38,23.34
Rappi,MX,Mexico City,Lomas de Chapultepec,Wealthy,Prioritized,Customer Satisfaction Score,4.59,4.43,4.47,4.38,4.41,4.35,4.4,4.34,4.38
Rappi,MX,Mexico City,Lomas de Chapultepec,Wealthy,Prioritized,Retail SST > SS CVR,0.82561649,0.841236315,0.8693837119,0.8503668881,0.9210275452,0.8645953621,0.8816182943,0.958989758,0.8337644562
Rappi,MX,Mexico City,Lomas de Chapultepec,Wealthy,Prioritized,Restaurants SST > SS CVR,0.6869007938,0.5748385728,0.6697993265,0.5907025998,0.5646248467,0.596105251,0.6646129578,0.6340481799,0.6362408518
Rappi,MX,Mexico City,Lomas de Chapultepec,Wealthy,Prioritized,Orders,123860.44,123700.61,144919.61,121216.7,123890.83,157457.27,114544.79,134026.11,113453.84
Rappi,MX,Mexico City,Coyoacán,Mixed,Prioritized,Delivery Fee (MXN),25.81,28.15,22.48,24.06,22.36,27.58,24.83,23.45,22.53
Rappi,MX,Mexico City,Coyoacán,Mixed,Prioritized,Service Fee (%),0.1389113835,0.1207592069,0.1399769513,0.1381110757,0.1189603073,0.1201376992,0.1325424692,0.1319282562,0.1167349093
Rappi,MX,Mexico City,Coyoacán,Mixed,Prioritized,Avg Delivery Time (mins),32.33,28.98,35.64,34.71,32.72,32.89,31.99,36.68,30.63
Rappi,MX,Mexico City,Coyoacán,Mixed,Prioritized,Customer Satisfaction Score,4.46,4.21,4.36,4.26,4.09,4.25,4.18,4.33,4.18
Rappi,MX,Mexico City,Coyoacán,Mixed,Prioritized,Retail SST > SS CVR,0.80752652,0.7308991486,0.7024592263,0.7697301318,0.828010283,0.7954165459,0.7111479585,0.753510378,0.7173660536
Rappi,MX,Mexico City,Coyoacán,Mixed,Prioritized,Restaurants SST > SS CVR,0.4875897218,0.5404798095,0.4729362523,0.5050168088,0.4698759987,0.4549391,0.5223096858,0.5791218538,0.5359525909
Rappi,MX,Mexico City,Coyoacán,Mixed,Prioritized,Orders,90897.34,73804.59,121161.42,85413.14,100707.6,67348.39,108488.84,68180.62,83796.7
Rappi,MX,Mexico City,Narvarte,Mixed,Prioritized,Delivery Fee (MXN),21.24,25.94,25.24,22.02,27.27,26.7,25.24,24.7,21.16
Rappi,MX,Mexico City,Narvarte,Mixed,Prioritized,Service Fee (%),0.1149543369,0.1178416517,0.1298457709,0.1413434041,0.1195080018,0.1317524317,0.1342323757,0.1315756955,0.1250553522
Rappi,MX,Mexico City,Narvarte,Mixed,Prioritized,Avg Delivery Time (mins),33.13,34.91,36.0,30.2,30.25,32.43,29.89,35.95,28.84
Rappi,MX,Mexico City,Narvarte,Mixed,Prioritized,Customer Satisfaction Score,4.17,4.15,4.19,4.35,4.08,4.21,4.38,4.31,4.22
Rappi,MX,Mexico City,Narvarte,Mixed,Prioritized,Retail SST > SS CVR,0.7556840786,0.7496467014,0.7387473602,0.7182988086,0.7302769862,0.734721736,0.7947451563,0.7834567366,0.8274920758
Rappi,MX,Mexico City,Narvarte,Mixed,Prioritized,Restaurants SST > SS CVR,0.5581595192,0.444476988,0.5264394876,0.5395573721,0.5205518733,0.4482329805,0.5735333838,0.5633329324,0.5075846168
Rappi,MX,Mexico City,Narvarte,Mixed,Prioritized,Orders,113396.54,84814.29,82294.99,109132.84,116496.67,79788.0,117869.97,113130.98,110458.74
Rappi,MX,Mexico City,Mixcoac,Mixed,Prioritized,Delivery Fee (MXN),23.47,24.46,26.39,27.35,23.24,26.21,25.65,28.84,27.59
Rappi,MX,Mexico City,Mixcoac,Mixed,Prioritized,Service Fee (%),0.1474685711,0.1251867581,0.1121242371,0.1164866398,0.1144098861,0.1252618015,0.1113661972,0.1338748469,0.1236772909
Rappi,MX,Mexico City,Mixcoac,Mixed,Prioritized,Avg Delivery Time (mins),35.41,28.73,33.62,35.08,36.36,35.55,33.87,32.16,36.34
Rappi,MX,Mexico City,Mixcoac,Mixed,Prioritized,Customer Satisfaction Score,4.32,4.27,4.11,4.17,4.14,4.03,4.38,4.25,4.24
Rappi,MX,Mexico City,Mixcoac,Mixed,Prioritized,Retail SST > SS CVR,0.791084393,0.7857674918,0.8395147259,0.7709146673,0.8304574061,0.8514828983,0.7919636111,0.7155906589,0.7146838416
Rappi,MX,Mexico City,Mixcoac,Mixed,Prioritized,Restaurants SST > SS CVR,0.5737987168,0.481404154,0.6259191575,0.5989440652,0.5307213985,0.5486535959,0.5724696783,0.4898535275,0.5552109356
Rappi,MX,Mexico City,Mixcoac,Mixed,Prioritized,Orders,79078.17,78343.36,122780.38,118707.7,103598.29,73260.31,85227.37,106100.95,70736.94
Rappi,MX,Mexico City,Tlalpan,Mixed,Not Prioritized,Delivery Fee (MXN),24.99,27.09,25.11,26.54,26.24,24.5,27.21,28.1,27.13
Rappi,MX,Mexico City,Tlalpan,Mixed,Not Prioritized,Service Fee (%),0.1393893309,0.1367875851,0.1190029305,0.1407817587,0.139847646,0.1252077588,0.1186516574,0.1433495681,0.1088466227
Rappi,MX,Mexico City,Tlalpan,Mixed,Not Prioritized,Avg Delivery Time (mins),34.2,32.42,33.18,33.16,34.2,35.25,34.2,29.83,32.34
Rappi,MX,Mexico City,Tlalpan,Mixed,Not Prioritized,Customer Satisfaction Score,4.23,4.13,4.22,4.17,4.47,4.26,4.25,4.08,4.29
Rappi,MX,Mexico City,Tlalpan,Mixed,Not Prioritized,Retail SST > SS CVR,0.7990212849,0.7705152902,0.7609562534,0.7416317623,0.7860910663,0.7226435544,0.7836983655,0.8191072202,0.7919941989
Rappi,MX,Mexico City,Tlalpan,Mixed,Not Prioritized,Restaurants SST > SS CVR,0.5285757446,0.5059046287,0.6116796041,0.5857402166,0.4634302354,0.5534105364,0.5953416922,0.5952655048,0.6141971903
Rappi,MX,Mexico City,Tlalpan,Mixed,Not Prioritized,Orders,114534.07,110233.32,70835.71,118208.21,109502.17,71315.74,103115.45,79918.61,74170.63
Rappi,MX,Mexico City,Doctores,Non Wealthy,Not Prioritized,Delivery Fee (MXN),31.6,30.96,26.91,31.86,33.29,36.21,34.15,31.51,31.9
Rappi,MX,Mexico City,Doctores,Non Wealthy,Not Prioritized,Service Fee (%),0.1256914362,0.1464843489,0.1381978428,0.1331998534,0.1224076741,0.1182603075,0.1328826037,0.1443238516,0.149288416
Rappi,MX,Mexico City,Doctores,Non Wealthy,Not Prioritized,Avg Delivery Time (mins),36.0,43.99,36.65,35.79,45.53,45.35,40.41,37.18,43.19
Rappi,MX,Mexico City,Doctores,Non Wealthy,Not Prioritized,Customer Satisfaction Score,4.0,4.05,3.77,3.85,4.1,4.16,3.92,4.06,4.06
Rappi,MX,Mexico City,Doctores,Non Wealthy,Not Prioritized,Retail SST > SS CVR,0.6665786951,0.784788527,0.6450864667,0.5899790733,0.6444501293,0.7700334894,0.729314007,0.6554357435,0.7491615249
Rappi,MX,Mexico City,Doctores,Non Wealthy,Not Prioritized,Restaurants SST > SS CVR,0.5342249516,0.4762846415,0.4906632731,0.5309165251,0.4456016598,0.5213212712,0.4999367607,0.4911781228,0.5281269809
Rappi,MX,Mexico City,Doctores,Non Wealthy,Not Prioritized,Orders,45205.78,74830.71,74083.76,52848.67,57949.27,55177.92,45729.89,75727.95,64415.94
Rappi,MX,Mexico City,Iztapalapa,Non Wealthy,Not Prioritized,Delivery Fee (MXN),34.42,37.52,29.07,29.76,32.4,31.5,34.88,28.68,29.04
Rappi,MX,Mexico City,Iztapalapa,Non Wealthy,Not Prioritized,Service Fee (%),0.1463291071,0.1565869336,0.1465830939,0.1252477506,0.1273142683,0.14494693,0.1188172509,0.1416827361,0.1327038244
Rappi,MX,Mexico City,Iztapalapa,Non Wealthy,Not Prioritized,Avg Delivery Time (mins),34.54,49.61,36.33,44.58,40.96,41.91,35.43,39.64,38.15
Rappi,MX,Mexico City,Iztapalapa,Non Wealthy,Not Prioritized,Customer Satisfaction Score,4.12,4.06,4.09,4.13,4.21,4.02,4.16,3.88,4.1
Rappi,MX,Mexico City,Iztapalapa,Non Wealthy,Not Prioritized,Retail SST > SS CVR,0.6469414841,0.679012516,0.6270056031,0.751706716,0.7701130085,0.7738309134,0.715455435,0.7523188517,0.6676996954
Rappi,MX,Mexico City,Iztapalapa,Non Wealthy,Not Prioritized,Restaurants SST > SS CVR,0.5348465864,0.5163244923,0.5028244042,0.4578670758,0.4426961655,0.4684061735,0.4559324275,0.4301100669,0.415563287
Rappi,MX,Mexico City,Iztapalapa,Non Wealthy,Not Prioritized,Orders,65864.16,64401.24,58399.9,60560.88,39983.62,54314.1,63546.72,67042.01,75050.34
Rappi,MX,Mexico City,Tláhuac,Non Wealthy,Not Prioritized,Delivery Fee (MXN),35.75,28.48,35.85,31.73,29.85,30.26,32.06,30.25,36.17
Rappi,MX,Mexico City,Tláhuac,Non Wealthy,Not Prioritized,Service Fee (%),0.1333291458,0.1466181146,0.1334442591,0.128628765,0.1274496677,0.1448623824,0.140608289,0.1583605773,0.1526984904
Rappi,MX,Mexico City,Tláhuac,Non Wealthy,Not Prioritized,Avg Delivery Time (mins),35.94,47.75,47.05,37.09,42.64,47.39,38.76,44.33,45.42
Rappi,MX,Mexico City,Tláhuac,Non Wealthy,Not Prioritized,Customer Satisfaction Score,4.0,4.04,3.98,4.15,3.82,3.83,4.05,3.88,4.04
Rappi,MX,Mexico City,Tláhuac,Non Wealthy,Not Prioritized,Retail SST > SS CVR,0.7551791803,0.7195755437,0.6888623475,0.753117148,0.6033762824,0.7349611722,0.6275006337,0.634825873,0.6255699486
Rappi,MX,Mexico City,Tláhuac,Non Wealthy,Not Prioritized,Restaurants SST > SS CVR,0.4277053223,0.4111958161,0.422460763,0.4367975579,0.5400387182,0.4715126777,0.4575763574,0.5580078324,0.4948233285
Rappi,MX,Mexico City,Tláhuac,Non Wealthy,Not Prioritized,Orders,54483.54,67067.53,48441.32,48312.72,43518.73,68533.32,69744.62,73814.2,52859.81
Rappi,MX,Mexico City,Milpa Alta,Non Wealthy,Not Prioritized,Delivery Fee (MXN),39.54,34.54,33.62,29.63,30.23,36.57,27.8,30.2,30.14
Rappi,MX,Mexico City,Milpa Alta,Non Wealthy,Not Prioritized,Service Fee (%),0.1404933821,0.1354488159,0.144159266,0.1567471158,0.1630533861,0.1316561868,0.127028951,0.1382916248,0.1575622759
Rappi,MX,Mexico City,Milpa Alta,Non Wealthy,Not Prioritized,Avg Delivery Time (mins),44.56,35.77,37.84,41.0,44.45,37.79,46.95,43.79,37.28
Rappi,MX,Mexico City,Milpa Alta,Non Wealthy,Not Prioritized,Customer Satisfaction Score,3.9,3.88,3.75,4.19,4.18,3.93,3.91,4.01,4.07
Rappi,MX,Mexico City,Milpa Alta,Non Wealthy,Not Prioritized,Retail SST > SS CVR,0.6053489807,0.7381555433,0.634637546,0.6199244691,0.7608483438,0.6066558118,0.6336974279,0.6992163562,0.7191810406
Rappi,MX,Mexico City,Milpa Alta,Non Wealthy,Not Prioritized,Restaurants SST > SS CVR,0.5281110959,0.4514630298,0.4755151981,0.4358287229,0.4531922862,0.4512553989,0.5363751309,0.490194494,0.4615604102
Rappi,MX,Mexico City,Milpa Alta,Non Wealthy,Not Prioritized,Orders,39200.99,66323.32,58613.98,38808.44,82848.07,78230.74,44730.07,61380.37,43840.67
Rappi,MX,Mexico City,Xochimilco,Non Wealthy,Not Prioritized,Delivery Fee (MXN),28.98,35.29,31.42,33.52,38.6,35.21,34.66,31.59,29.52
Rappi,MX,Mexico City,Xochimilco,Non Wealthy,Not Prioritized,Service Fee (%),0.1395989062,0.1498442585,0.1464612004,0.122801564,0.1278018556,0.1420080767,0.1186358915,0.1448362803,0.1192540128
Rappi,MX,Mexico City,Xochimilco,Non Wealthy,Not Prioritized,Avg Delivery Time (mins),48.34,38.95,40.42,42.5,36.07,44.51,36.97,37.42,39.68
Rappi,MX,Mexico City,Xochimilco,Non Wealthy,Not Prioritized,Customer Satisfaction Score,4.03,3.82,4.09,4.06,3.89,4.09,4.21,4.07,4.15
Rappi,MX,Mexico City,Xochimilco,Non Wealthy,Not Prioritized,Retail SST > SS CVR,0.6149957463,0.7501562563,0.6633657408,0.6852286156,0.7537854323,0.6068195196,0.7685076557,0.6679294469,0.7759773572
Rappi,MX,Mexico City,Xochimilco,Non Wealthy,Not Prioritized,Restaurants SST > SS CVR,0.5245135363,0.5112309542,0.5383252423,0.5245323624,0.4285352282,0.5716562255,0.392851585,0.4292450333,0.5076939611
Rappi,MX,Mexico City,Xochimilco,Non Wealthy,Not Prioritized,Orders,63517.62,69780.47,63699.0,52441.9,71590.61,68186.19,46117.45,38736.88,74492.65
Uber Eats,MX,Mexico City,Polanco,Wealthy,Prioritized,Retail SST > SS CVR,0.6316760535213353,0.7032151686581504,0.7012221240336881,0.7377958236640075,0.6582261527225055,0.6610115690647739,0.6587010511359742,0.641065917536326,0.5566426087890012
Uber Eats,MX,Mexico City,Polanco,Wealthy,Prioritized,Restaurants SST > SS CVR,0.6931330542188661,0.5949730140822997,0.6613269367287846,0.6002133663229603,0.5749993850322563,0.7188970085450986,0.6343257550746941,0.6489909803334171,0.5743771607883481
Uber Eats,MX,Mexico City,Polanco,Wealthy,Prioritized,Delivery Fee (MXN),15.23119399156719,14.59353916425206,14.5087209762386,16.05641464739115,15.40000882760669,14.47341508606987,14.08742263166891,14.94721943994699,14.57532602250202
Uber Eats,MX,Mexico City,Polanco,Wealthy,Prioritized,Service Fee (%),0.1708214829614757,0.187382938449942,0.1465151672084578,0.1751093121079733,0.1317386377302827,0.1443683192299096,0.1748692649252607,0.1857013718077864,0.1743594058316776
Uber Eats,MX,Mexico City,Polanco,Wealthy,Prioritized,Avg Delivery Time (mins),19.75167935530817,18.60326161396461,23.31725087470575,20.69356671771247,19.0764938463157,20.00866750894417,19.50874543167525,22.03870780629443,22.93409563046447
Uber Eats,MX,Mexico City,Polanco,Wealthy,Prioritized,Customer Satisfaction Score,4.671980580392125,4.499283982110525,4.552284496847668,4.616332077573146,4.680760247145026,4.53528831064826,4.564639836766408,4.472572237032187,4.463585072024722
Uber Eats,MX,Mexico City,Roma Norte,Wealthy,Prioritized,Retail SST > SS CVR,0.9065428601305534,0.8796311583854806,0.812911595343258,0.8610129019176228,0.9134512658568215,0.9045828623638291,0.9395748018132057,0.881712151768698,1.033417901850366
Uber Eats,MX,Mexico City,Roma Norte,Wealthy,Prioritized,Restaurants SST > SS CVR,0.667750968925906,0.7181228625911834,0.6988201416559815,0.71835854800605,0.6143920634492303,0.7027869147873993,0.7316261377548622,0.7876652114163507,0.6878569982655925
Uber Eats,MX,Mexico City,Roma Norte,Wealthy,Prioritized,Delivery Fee (MXN),10.53341656418784,10.31870919185975,11.24702631742428,11.9037646388315,11.00269485595575,11.06009088176264,12.11744011944925,10.9211312798543,10.43628943945489
Uber Eats,MX,Mexico City,Roma Norte,Wealthy,Prioritized,Service Fee (%),0.1044677025082472,0.08316302939012452,0.0617348934901253,0.09692759799405919,0.09622629789636546,0.09110746158561689,0.08631344978526473,0.06269777761175938,0.08259228599746049
Uber Eats,MX,Mexico City,Roma Norte,Wealthy,Prioritized,Avg Delivery Time (mins),23.30317999974067,22.06518552997153,22.82718500686317,18.35267748028219,20.51119372973913,25.20522482399224,22.36020573765038,19.05029810269321,20.25224367780234
Uber Eats,MX,Mexico City,Roma Norte,Wealthy,Prioritized,Customer Satisfaction Score,3.930250939943307,4.035532578877729,4.275833769132155,4.010273461405514,4.059664292116988,4.026038380913102,3.912641754121673,4.143791839335129,4.104702861152304
Uber Eats,MX,Mexico City,Condesa,Wealthy,Prioritized,Retail SST > SS CVR,0.5787273798287151,0.6880195579428338,0.6890790372901092,0.688435059670795,0.5747867310697113,0.6226635194254284,0.5941471478860335,0.6649769024132974,0.704149019680123
Uber Eats,MX,Mexico City,Condesa,Wealthy,Prioritized,Restaurants SST > SS CVR,0.5519733852456971,0.4307607429106215,0.5117220632042295,0.4551787287776229,0.5319735359956872,0.462322702752238,0.5857906347148051,0.4691312498471163,0.4921908386536443
Uber Eats,MX,Mexico City,Condesa,Wealthy,Prioritized,Delivery Fee (MXN),18.73957839357456,19.65244521787672,20.14018403026141,19.62277158067745,20.46020994375986,21.63548613561208,18.77183246151386,18.89045670224725,17.65628197165896
Uber Eats,MX,Mexico City,Condesa,Wealthy,Prioritized,Service Fee (%),0.1387355025835389,0.125359788773604,0.1208606509259298,0.1199308144681836,0.1218499216512056,0.1013204630296963,0.1195660314044862,0.1207824069272397,0.1006339291007387
Uber Eats,MX,Mexico City,Condesa,Wealthy,Prioritized,Avg Delivery Time (mins),20.45089770090732,17.6675218922059,22.19992646156611,22.75144299995278,21.57023380668447,18.19223715300154,18.59887282759652,17.84037557068331,21.64118639678596
Uber Eats,MX,Mexico City,Condesa,Wealthy,Prioritized,Customer Satisfaction Score,4.806217680635732,4.761584744394791,4.869058026660737,4.654839916795055,4.604005111959593,4.590427285432789,4.597797699898798,4.671668557453931,4.713493925877007
Uber Eats,MX,Mexico City,Del Valle,Wealthy,Prioritized,Retail SST > SS CVR,1.006492376122888,0.9729212777731564,1.082744385541644,0.950711549096154,0.8757030142294792,0.9442967947838162,0.8978724962852503,0.9948822776292103,0.9481222808120577
Uber Eats,MX,Mexico City,Del Valle,Wealthy,Prioritized,Restaurants SST > SS CVR,0.5816917488486336,0.5773822004372319,0.6242553644081291,0.6122172209322018,0.5849138940706808,0.5462156538001042,0.5128129784692312,0.5662295921001734,0.6313752794196981
Uber Eats,MX,Mexico City,Del Valle,Wealthy,Prioritized,Delivery Fee (MXN),10.74402220059706,10.12639183178421,10.66398789883412,11.79685043253634,10.26486668317824,9.224976068842748,11.09133646909549,10.08527381971274,10.90636011789356
Uber Eats,MX,Mexico City,Del Valle,Wealthy,Prioritized,Service Fee (%),0.1715723792806657,0.1226950210395691,0.1314919076004085,0.1605491137428841,0.1605241274169551,0.1605493621248319,0.2273030382118054,0.1616662186125743,0.1729597212023229
Uber Eats,MX,Mexico City,Del Valle,Wealthy,Prioritized,Avg Delivery Time (mins),34.50392986150688,34.39169938925871,31.73420680183404,31.03780075873972,34.36938314137274,32.32747970949534,33.96006526107483,32.97001206145394,30.46234453519308
Uber Eats,MX,Mexico City,Del Valle,Wealthy,Prioritized,Customer Satisfaction Score,4.508397062648871,4.425473421876265,4.581561668151945,4.479094610364754,4.364892130662278,4.401136237529212,4.540626383348676,4.399629945283494,4.494312467413406
Uber Eats,MX,Mexico City,Santa Fe,Wealthy,Prioritized,Retail SST > SS CVR,0.645292658453927,0.6180115485003306,0.5940126351318891,0.5672791594645477,0.5265980244972971,0.5479445614276405,0.5782418477840515,0.4944123732105186,0.5036159233733448
Uber Eats,MX,Mexico City,Santa Fe,Wealthy,Prioritized,Restaurants SST > SS CVR,0.4557715727166065,0.5644775546201559,0.5825159503796391,0.4792133703183442,0.5225031288790856,0.5154809251130852,0.5065617290424475,0.6275009026851879,0.5594772762191809
Uber Eats,MX,Mexico City,Santa Fe,Wealthy,Prioritized,Delivery Fee (MXN),16.29966478607318,17.57371950709226,14.59553675447688,17.76608431836462,15.19162711738312,14.64244878734964,15.68497655940611,17.79437420108508,15.90292637971323
Uber Eats,MX,Mexico City,Santa Fe,Wealthy,Prioritized,Service Fee (%),0.1086953439468349,0.1222958140501934,0.1023915134387596,0.1599954031566893,0.09874434951884392,0.1185462873441169,0.1299619886237784,0.1561726428593789,0.09862993405446778
Uber Eats,MX,Mexico City,Santa Fe,Wealthy,Prioritized,Avg Delivery Time (mins),30.8726761891428,31.88220152152139,29.65781011993865,30.18451838583607,31.35705056517584,30.31491482724982,26.26797120662444,32.62380669495668,28.83245781605909
Uber Eats,MX,Mexico City,Santa Fe,Wealthy,Prioritized,Customer Satisfaction Score,4.647625195614373,4.42131492194919,4.495325152101206,4.464592618226251,4.374223479470689,4.415681206417021,4.387193337986864,4.377556955758327,4.52145364115485
Uber Eats,MX,Mexico City,Lomas de Chapultepec,Wealthy,Prioritized,Retail SST > SS CVR,0.6066829685031628,0.6317099261839467,0.5771831094079517,0.5881481205126143,0.5275973709475725,0.6029201463084444,0.5866692643340818,0.5235760159144539,0.469698833214239
Uber Eats,MX,Mexico City,Lomas de Chapultepec,Wealthy,Prioritized,Restaurants SST > SS CVR,0.8271779751569057,0.9155613494295004,0.8780968477493037,0.8773224202096375,0.943145322970358,0.9294772978204,0.9288819621710304,0.953480420728715,0.8892566724526364
Uber Eats,MX,Mexico City,Lomas de Chapultepec,Wealthy,Prioritized,Delivery Fee (MXN),11.60137041449759,12.6945699234352,11.5695547500788,11.22750052945896,13.75291285220731,12.90582229491426,10.04855011223212,11.39382170057743,13.04551813414592
Uber Eats,MX,Mexico City,Lomas de Chapultepec,Wealthy,Prioritized,Service Fee (%),0.1313042435594976,0.1677198492848111,0.1678043631290536,0.1549925174868297,0.1372923655140514,0.1567535441076425,0.1416942187135258,0.174739847612123,0.1522963053137252
Uber Eats,MX,Mexico City,Lomas de Chapultepec,Wealthy,Prioritized,Avg Delivery Time (mins),28.24598293399242,29.73406182724155,26.15169343723645,27.42594570609651,28.13651865627063,28.76338343390253,29.32700892785942,26.06353678989093,25.68984536443273
Uber Eats,MX,Mexico City,Lomas de Chapultepec,Wealthy,Prioritized,Customer Satisfaction Score,4.202811709983752,4.097891329918736,4.214336195053891,4.152566535679137,4.050806720362592,4.064898952568666,3.966547636895154,4.064949259759696,4.037934709466922
Uber Eats,MX,Mexico City,Coyoacán,Mixed,Not Prioritized,Retail SST > SS CVR,0.4917085491399644,0.4666947929141207,0.452785962030939,0.4325952881475059,0.3558711392173146,0.3859447921650317,0.4109915760093603,0.4510354605623607,0.4316342710668626
Uber Eats,MX,Mexico City,Coyoacán,Mixed,Not Prioritized,Restaurants SST > SS CVR,0.9456576133775734,0.9013662029870917,0.8578319088668768,0.8977079067725973,0.9213823126219226,0.9690395784494023,0.9444459393639105,1.004141520935228,0.8581150199152476
Uber Eats,MX,Mexico City,Coyoacán,Mixed,Not Prioritized,Delivery Fee (MXN),14.90083980744769,15.98808086955831,13.55892228400484,15.79577815399137,14.8540477848231,13.65671378755927,16.04437214709518,13.20164041808119,13.09906522601298
Uber Eats,MX,Mexico City,Coyoacán,Mixed,Not Prioritized,Service Fee (%),0.1686290311468009,0.1434112085437277,0.171217885400825,0.134974837830282,0.1980086772877819,0.1849683043851206,0.1519959889286008,0.1271168113888773,0.1884569494540031
Uber Eats,MX,Mexico City,Coyoacán,Mixed,Not Prioritized,Avg Delivery Time (mins),39.94955827206688,39.95573402623339,34.4937587536606,37.59570031896273,39.18103062811436,39.28731803969672,39.91706657429145,40.00298453695535,42.43075460215986
Uber Eats,MX,Mexico City,Coyoacán,Mixed,Not Prioritized,Customer Satisfaction Score,4.787058432015737,4.710806036758018,4.818097577140692,4.649050540967682,4.741574635403812,4.767842147077132,4.807256467311817,4.826974071714831,4.643348374722155
Uber Eats,MX,Mexico City,Narvarte,Mixed,Not Prioritized,Retail SST > SS CVR,0.6676694662831623,0.6938708984574016,0.7211808045331035,0.8114340662854599,0.7148071936396427,0.7866272629655965,0.7175627653743134,0.7667263795503707,0.7603931125565518
Uber Eats,MX,Mexico City,Narvarte,Mixed,Not Prioritized,Restaurants SST > SS CVR,0.6100458397316061,0.6340102305854559,0.670173010982816,0.5534952600771933,0.6360440061061206,0.6546626574486779,0.5138044587850428,0.5425785074729098,0.4997798242181935
Uber Eats,MX,Mexico City,Narvarte,Mixed,Not Prioritized,Delivery Fee (MXN),19.05003875309841,16.67903850579457,18.36318983788223,20.18434997478912,19.83145171065506,19.18060489098891,18.83518607529005,19.64630976362131,18.56851922737389
Uber Eats,MX,Mexico City,Narvarte,Mixed,Not Prioritized,Service Fee (%),0.1447093936046475,0.1366544155277502,0.1762208567382919,0.1519138675184507,0.1913967085051485,0.1853352224504847,0.1592056618020006,0.1677259191818138,0.1568189870907687
Uber Eats,MX,Mexico City,Narvarte,Mixed,Not Prioritized,Avg Delivery Time (mins),42.04595341536318,37.29704818305292,37.0424012567389,36.98442550218303,36.30477005154326,36.81771721165252,35.06759045965519,37.55270255029365,38.05071620416883
Uber Eats,MX,Mexico City,Narvarte,Mixed,Not Prioritized,Customer Satisfaction Score,4.324035613899412,4.482343312104233,4.573713853976914,4.541083057934409,4.530218902950169,4.613732532907834,4.628066633908222,4.499265748142439,4.494734038839024
Uber Eats,MX,Mexico City,Mixcoac,Mixed,Not Prioritized,Retail SST > SS CVR,0.7039431385657209,0.5696998381648313,0.5539098422612638,0.4756295485835921,0.6278061560146324,0.5358392591058639,0.5866670793740824,0.6336672092109121,0.5366226240094875
Uber Eats,MX,Mexico City,Mixcoac,Mixed,Not Prioritized,Restaurants SST > SS CVR,0.6276803060026043,0.5433838673988487,0.6338793652050885,0.5858886461475121,0.5525934979318436,0.591377539199601,0.5696287832310076,0.7080632651653556,0.6677881712591999
Uber Eats,MX,Mexico City,Mixcoac,Mixed,Not Prioritized,Delivery Fee (MXN),16.59608074380296,17.46675894296071,19.84438426678045,18.48458755597536,17.02955030441453,19.05209304625184,17.08198567349065,16.80165289498479,18.86578679921662
Uber Eats,MX,Mexico City,Mixcoac,Mixed,Not Prioritized,Service Fee (%),0.1108848446666532,0.1091064789905083,0.1483372152007026,0.1240649790844546,0.1273353227915973,0.1252299519821138,0.1197980150732949,0.1380482630257877,0.1204588281386704
Uber Eats,MX,Mexico City,Mixcoac,Mixed,Not Prioritized,Avg Delivery Time (mins),28.98844307775952,28.03811887480157,28.68258530931272,28.75509134607049,26.75993294658463,27.14277593535242,29.26456975905398,28.6229435101115,32.29457751915784
Uber Eats,MX,Mexico City,Mixcoac,Mixed,Not Prioritized,Customer Satisfaction Score,4.385944490471958,4.157720899033643,4.281043141787543,4.147657359273976,4.043495064861776,4.061229031139911,4.228791769594365,4.249955525100376,4.133551612417786
Uber Eats,MX,Mexico City,Tlalpan,Mixed,Not Prioritized,Retail SST > SS CVR,0.4873581901906338,0.557702409905291,0.6835041477945805,0.4637649961223668,0.5368877063697755,0.5239422697383647,0.5142168426753086,0.5823278313518959,0.59963173186155
Uber Eats,MX,Mexico City,Tlalpan,Mixed,Not Prioritized,Restaurants SST > SS CVR,0.736401277768989,0.5742371452975576,0.6579746075303983,0.7266729766629492,0.6876671010017725,0.7163766639724876,0.6676201109681311,0.7021488596775671,0.6900355085343182
Uber Eats,MX,Mexico City,Tlalpan,Mixed,Not Prioritized,Delivery Fee (MXN),14.77382643879334,15.00740681837192,14.29916130543469,15.48200587661958,14.5751988475086,14.5746203370926,15.43716051112272,15.92859828523954,12.68557080648507
Uber Eats,MX,Mexico City,Tlalpan,Mixed,Not Prioritized,Service Fee (%),0.1749356225747794,0.1917443325245897,0.1595585466208798,0.1269575633777537,0.1475583278629627,0.1303042156607937,0.1606897844004846,0.1680884216651019,0.2012488003268165
Uber Eats,MX,Mexico City,Tlalpan,Mixed,Not Prioritized,Avg Delivery Time (mins),24.16589657087601,26.29046385442636,26.42907554256677,24.83549479471513,22.87462201910038,25.21813642538494,24.9746426631775,25.78212725187563,22.89464047544694
Uber Eats,MX,Mexico City,Tlalpan,Mixed,Not Prioritized,Customer Satisfaction Score,4.595182864099481,4.698498338026865,4.862289437196676,4.653406776922086,4.66004221004627,4.589284061462212,4.550235714469757,4.718253733070661,4.54961176882535
Uber Eats,MX,Mexico City,Doctores,Mixed,Not Prioritized,Retail SST > SS CVR,0.4922547829908709,0.4368679413702358,0.399389880679242,0.4582231515971532,0.4811149655603694,0.3945343394556077,0.3953958202454159,0.3891339287005394,0.4649587333036578
Uber Eats,MX,Mexico City,Doctores,Mixed,Not Prioritized,Restaurants SST > SS CVR,0.7692516888186549,0.7412455616038338,0.814413607070552,0.68188435648747,0.6583410812770779,0.6316378039974349,0.7953760320171079,0.7532920992603516,0.7177945828971259
Uber Eats,MX,Mexico City,Doctores,Mixed,Not Prioritized,Delivery Fee (MXN),10.02074767919839,12.48378842079151,9.637370617722809,9.887132272343221,11.62238045592904,10.43049145645475,10.0570778743759,10.28233350270643,10.09046076996661
Uber Eats,MX,Mexico City,Doctores,Mixed,Not Prioritized,Service Fee (%),0.1178764160751515,0.1725352371710736,0.1304471911096619,0.120879408233114,0.1381557662362926,0.1417860028840595,0.1625553350077046,0.1068222120439892,0.1712625110274979
Uber Eats,MX,Mexico City,Doctores,Mixed,Not Prioritized,Avg Delivery Time (mins),23.23722571085113,19.92963157361463,22.79972575450116,16.45375802848437,20.63547363354785,22.35151280340196,23.63548386959206,19.45828434235584,18.08970274117942
Uber Eats,MX,Mexico City,Doctores,Mixed,Not Prioritized,Customer Satisfaction Score,4.335878096416972,4.33737730649756,4.334679255931388,4.092262948611998,4.356522126254373,4.338858159885286,4.431572249387496,4.54684722240069,4.474608115860931
Uber Eats,MX,Mexico City,Iztapalapa,Non-Wealthy,Not Prioritized,Retail SST > SS CVR,0.3556876197668973,0.432380693726573,0.3665916997529036,0.398320445391682,0.4065821841720256,0.4144600273418352,0.3726689176574815,0.4140115564677907,0.3674200430324428
Uber Eats,MX,Mexico City,Iztapalapa,Non-Wealthy,Not Prioritized,Restaurants SST > SS CVR,0.8827411681576957,0.8203440443763451,0.8216841976583373,0.8473894812095569,0.8218559061636687,0.8133848555864986,0.8543486561049517,0.8362782838493141,0.9242267941494913
Uber Eats,MX,Mexico City,Iztapalapa,Non-Wealthy,Not Prioritized,Delivery Fee (MXN),17.21430657701201,18.05204315424339,18.11515486665602,19.49638503006981,19.58252549609943,19.03786196355859,19.1428052651685,19.82044799286262,20.1259071095517
Uber Eats,MX,Mexico City,Iztapalapa,Non-Wealthy,Not Prioritized,Service Fee (%),0.09434263678761447,0.1395869849727589,0.1463045190096928,0.1353068583906744,0.09829238168546506,0.1103830117842142,0.130660908334368,0.09643086093197073,0.1351333857132574
Uber Eats,MX,Mexico City,Iztapalapa,Non-Wealthy,Not Prioritized,Avg Delivery Time (mins),31.61655567143412,28.1080003060511,30.45813186549708,30.49433887026268,33.28162234054685,27.97464912657438,28.67436121895192,28.11411649074026,26.6492695110501
Uber Eats,MX,Mexico City,Iztapalapa,Non-Wealthy,Not Prioritized,Customer Satisfaction Score,4.890606062287851,4.661865066809676,4.819038291445269,4.643702999807304,4.573291239225224,4.55847445150919,4.774738363996144,4.586094433611951,4.889616787060016
Uber Eats,MX,Mexico City,Tláhuac,Non-Wealthy,Not Prioritized,Retail SST > SS CVR,0.588350119613457,0.6487774786780447,0.7246147249346269,0.6744756778941615,0.6592378367816616,0.743325800799226,0.7837855673476438,0.7096364546466788,0.6448808652709259
Uber Eats,MX,Mexico City,Tláhuac,Non-Wealthy,Not Prioritized,Restaurants SST > SS CVR,0.7965579666991859,0.8183868150529192,0.834844203667733,0.7904771343841814,0.7785498821295339,0.8272573811545336,0.7685464795188979,0.8378777561853731,0.7323359381877574
Uber Eats,MX,Mexico City,Tláhuac,Non-Wealthy,Not Prioritized,Delivery Fee (MXN),20.34789694002744,21.34398207285416,22.43757810538825,22.38753929548351,19.813286768659,21.32734104980469,20.65894317015217,21.62363790813606,21.20065861403914
Uber Eats,MX,Mexico City,Tláhuac,Non-Wealthy,Not Prioritized,Service Fee (%),0.03730216848781656,0.09504977708688797,0.0701817204144362,0.08843193196704707,0.06958893803043906,0.07246624061766654,0.05656337474054106,0.06623193175528742,0.05766290456517884
Uber Eats,MX,Mexico City,Tláhuac,Non-Wealthy,Not Prioritized,Avg Delivery Time (mins),43.52885202208826,38.87377066786753,46.54354741721519,41.77181082671039,42.57155971758034,42.73899169678283,43.59605183234762,39.34255813771255,42.37024516201158
Uber Eats,MX,Mexico City,Tláhuac,Non-Wealthy,Not Prioritized,Customer Satisfaction Score,4.411597396555376,4.592401611762078,4.407156636620922,4.473975430083815,4.654554342697062,4.414777573354734,4.658719134933204,4.548249472679059,4.421227601544084
Uber Eats,MX,Mexico City,Milpa Alta,Non-Wealthy,Not Prioritized,Retail SST > SS CVR,0.7453188927214016,0.8461820648517282,0.7115645930409377,0.8569146996153106,0.7337405450276194,0.7883956785340559,0.8529363733858247,0.8056882229288431,0.8405428653701682
Uber Eats,MX,Mexico City,Milpa Alta,Non-Wealthy,Not Prioritized,Restaurants SST > SS CVR,0.7603247813408552,0.7710877910828039,0.7523506873167805,0.7258833977824263,0.6463436366795591,0.7508725943119879,0.7397760677135142,0.7429706252151274,0.6655542545643431
Uber Eats,MX,Mexico City,Milpa Alta,Non-Wealthy,Not Prioritized,Delivery Fee (MXN),24.43249930257359,23.77258719509071,25.11492900859164,23.90544379734751,23.52040938865245,24.87237698362556,22.58069964869204,24.48689291457385,22.94337469682936
Uber Eats,MX,Mexico City,Milpa Alta,Non-Wealthy,Not Prioritized,Service Fee (%),0.1780352137376395,0.148739244269649,0.1436820559873927,0.1814162348399508,0.1564077726831077,0.1731135679422489,0.1227654696921367,0.1578176824702613,0.1702692930653449
Uber Eats,MX,Mexico City,Milpa Alta,Non-Wealthy,Not Prioritized,Avg Delivery Time (mins),34.08598867548356,32.75322392132016,35.10553139625559,31.29232591481243,31.63947434007272,27.68996633690104,34.498844515368,33.28691342201294,29.29554884480622
Uber Eats,MX,Mexico City,Milpa Alta,Non-Wealthy,Not Prioritized,Customer Satisfaction Score,4.414205941271699,4.548047159561528,4.561887380385063,4.455620790167686,4.498200646622694,4.489651764595907,4.513286084760701,4.586597352532436,4.613487314524765
Uber Eats,MX,Mexico City,Xochimilco,Non-Wealthy,Not Prioritized,Retail SST > SS CVR,0.5386344195959826,0.6262944854026983,0.5838771709225101,0.5508840814289678,0.7076494613501503,0.5589684779025076,0.6505184692990227,0.6732187514692267,0.5136653066969737
Uber Eats,MX,Mexico City,Xochimilco,Non-Wealthy,Not Prioritized,Restaurants SST > SS CVR,0.4919621642064326,0.4571069896815159,0.4604901600447414,0.4563946596374283,0.5477148425581317,0.5592892284022469,0.4597267013152803,0.4466462373475427,0.5118347938220743
Uber Eats,MX,Mexico City,Xochimilco,Non-Wealthy,Not Prioritized,Delivery Fee (MXN),22.08478676355763,22.08637743696097,25.14737386492012,23.72783580145406,21.94988742130407,22.95469532732455,22.42746247478805,23.3737978760437,23.33349660267675
Uber Eats,MX,Mexico City,Xochimilco,Non-Wealthy,Not Prioritized,Service Fee (%),0.1567579301390233,0.1315467925110329,0.1191197921701448,0.1074993525006234,0.1204671362620755,0.134423197603438,0.1709768943312697,0.1247335110801905,0.1395614960936919
Uber Eats,MX,Mexico City,Xochimilco,Non-Wealthy,Not Prioritized,Avg Delivery Time (mins),38.06252062345521,43.28369179668836,47.43539443688105,45.71040838300912,47.6718878885498,42.76050599670999,41.74534574564726,45.94923538627046,45.50418375634547
Uber Eats,MX,Mexico City,Xochimilco,Non-Wealthy,Not Prioritized,Customer Satisfaction Score,4.557316899764467,4.608809685846477,4.57748887083747,4.633428936685656,4.643691026771307,4.664977366830493,4.591632456485705,4.510049659695055,4.541432836370073
DiDi Food,MX,Mexico City,Polanco,Wealthy,Prioritized,Retail SST > SS CVR,0.6330824110755526,0.6923072030076473,0.688472054868871,0.6875800285914928,0.6562737447511043,0.6677301646884914,0.7084470619233735,0.5930897741471056,0.6687915320510002
DiDi Food,MX,Mexico City,Polanco,Wealthy,Prioritized,Restaurants SST > SS CVR,0.6343995979384195,0.6621759995891338,0.738064526697353,0.61451287878443,0.6408593069152769,0.6423709747176177,0.7087744545202537,0.6251370139127324,0.643852866820597
DiDi Food,MX,Mexico City,Polanco,Wealthy,Prioritized,Delivery Fee (MXN),15.76700854749789,15.9999750659848,15.40509032324429,15.18679689430033,15.22850543863867,15.76610198697521,13.78150381662667,16.55647767867061,15.11133084991153
DiDi Food,MX,Mexico City,Polanco,Wealthy,Prioritized,Service Fee (%),0.1697097345625733,0.1559752436698058,0.174697918116528,0.1984641611999244,0.1658386753937779,0.1560496900813736,0.2047768220040494,0.1381934026069127,0.123177561482836
DiDi Food,MX,Mexico City,Polanco,Wealthy,Prioritized,Avg Delivery Time (mins),24.56974909327531,25.24709422234663,25.51618280268708,25.89356407321781,22.82765086692225,20.9785591663665,23.04329582321744,24.53901142844053,20.81795686199167
DiDi Food,MX,Mexico City,Polanco,Wealthy,Prioritized,Customer Satisfaction Score,4.38538585722376,4.214813560243386,4.243706106811205,4.195248556093303,4.254577701530366,4.094218219459892,4.363748622286262,4.211157044039679,4.331101745037749
DiDi Food,MX,Mexico City,Roma Norte,Wealthy,Prioritized,Retail SST > SS CVR,0.9634834678698535,0.9384971782201809,0.985385777062481,0.9861270040145038,0.9729964512911071,0.9803757163574752,0.9027815611228474,0.9661622881454489,1.012460088374377
DiDi Food,MX,Mexico City,Roma Norte,Wealthy,Prioritized,Restaurants SST > SS CVR,0.7653314041072499,0.7069415606533115,0.8308081974018158,0.7387532782240578,0.6692224206503725,0.7471663965018145,0.706708592882531,0.7827933532057112,0.7081299767911554
DiDi Food,MX,Mexico City,Roma Norte,Wealthy,Prioritized,Delivery Fee (MXN),11.44744466728651,11.6989544606984,11.55130862838597,11.03618381698261,14.19662296935554,11.2284773290756,12.74786502954855,10.63071456101949,12.09647489817605
DiDi Food,MX,Mexico City,Roma Norte,Wealthy,Prioritized,Service Fee (%),0.09353932581347243,0.06462235967225147,0.08300765541199612,0.08388983175302435,0.06079458875098487,0.1140298485701787,0.1015091283463491,0.07954259905824244,0.08449959931472634
DiDi Food,MX,Mexico City,Roma Norte,Wealthy,Prioritized,Avg Delivery Time (mins),24.77658882893147,26.60454663121571,25.99085390151706,26.35694927391311,26.17120223064487,25.0654719936194,26.9200467348731,24.40396061004763,28.50699163949787
DiDi Food,MX,Mexico City,Roma Norte,Wealthy,Prioritized,Customer Satisfaction Score,4.222451176061308,4.300055739054448,4.252583563687125,4.166083232387866,4.095426517625291,4.229942526757207,4.199468733938023,4.249639517398621,4.223637375564045
DiDi Food,MX,Mexico City,Condesa,Wealthy,Prioritized,Retail SST > SS CVR,0.6754517645821763,0.7172323698213446,0.6598274399429865,0.7355890076079624,0.6897922776226426,0.7788504474802574,0.6512490154302916,0.6799525660759403,0.6181462839278952
DiDi Food,MX,Mexico City,Condesa,Wealthy,Prioritized,Restaurants SST > SS CVR,0.8683843416939285,0.8936315239581905,1.001962771501833,0.9812264120762751,0.9166654370549412,0.8967494274796496,0.9008508199071527,0.9255251522077604,0.8437096253113193
DiDi Food,MX,Mexico City,Condesa,Wealthy,Prioritized,Delivery Fee (MXN),9.957427009914777,8.755647478669413,9.799259992078731,9.739539456369258,7.002049379441015,7.964780161714537,7.304574046354638,10.86811801028025,8.760988982312783
DiDi Food,MX,Mexico City,Condesa,Wealthy,Prioritized,Service Fee (%),0.2029589080674989,0.1638897778093497,0.1850155225578995,0.1803887813764344,0.1358144806684811,0.196873130802684,0.1949441508911151,0.1548310697779754,0.1752583944769142
DiDi Food,MX,Mexico City,Condesa,Wealthy,Prioritized,Avg Delivery Time (mins),34.96409954885366,33.73351933565479,31.01551687356624,34.21565359019879,34.00303849719672,36.44130231339201,29.84764640901336,34.78689895135117,32.00536319743033
DiDi Food,MX,Mexico City,Condesa,Wealthy,Prioritized,Customer Satisfaction Score,4.344787563540963,4.183397081749318,4.428947908059261,4.26609510919022,4.34751561749448,4.30817317143349,4.360569312043721,4.320547418427434,4.184566006902552
DiDi Food,MX,Mexico City,Del Valle,Wealthy,Prioritized,Retail SST > SS CVR,0.6555390660866319,0.730185934284445,0.700947798740993,0.5989017713562427,0.626582213659749,0.6945348092423537,0.7108555387148949,0.7296266339599873,0.7292270524809106
DiDi Food,MX,Mexico City,Del Valle,Wealthy,Prioritized,Restaurants SST > SS CVR,0.8983589459626313,0.9543492491766187,0.9147745344263523,0.8898829691839915,0.8930175840207777,0.8992550135043234,0.9009739646495345,0.9392165536568756,0.9054323707653915
DiDi Food,MX,Mexico City,Del Valle,Wealthy,Prioritized,Delivery Fee (MXN),8.341206515252367,7.437167623489983,8.282128100839737,8.920512781637978,7.88335895181532,8.481414240553029,8.61146508164338,8.92465737984345,8.3385426467169
DiDi Food,MX,Mexico City,Del Valle,Wealthy,Prioritized,Service Fee (%),0.1532769296952811,0.1733270969535396,0.1287678102948215,0.1537232591926753,0.1107614843154144,0.1438150809591764,0.1104912915944519,0.1190842236440089,0.1698402299352607
DiDi Food,MX,Mexico City,Del Valle,Wealthy,Prioritized,Avg Delivery Time (mins),38.45727696366411,35.52852547715803,37.30106981640694,41.36965962191432,39.28877614577836,37.97808659845221,36.46500343233051,37.49784215930012,37.75797706789487
DiDi Food,MX,Mexico City,Del Valle,Wealthy,Prioritized,Customer Satisfaction Score,4.586133552113772,4.605083730824716,4.426910217348749,4.704553861851907,4.426576169319929,4.5714742551457,4.465783123619861,4.534796873962498,4.574086949652146
DiDi Food,MX,Mexico City,Santa Fe,Wealthy,Prioritized,Retail SST > SS CVR,0.9524067261236225,1.007135802628132,0.9635968745632929,0.9531542566523472,0.8511374554276064,0.8886906125316184,0.9877227315511302,0.9638742404356987,0.9714500388578833
DiDi Food,MX,Mexico City,Santa Fe,Wealthy,Prioritized,Restaurants SST > SS CVR,0.7495615040172114,0.7102888780548402,0.7240704800800437,0.709138066192273,0.7185706097855399,0.6629779030617065,0.6457891132767518,0.7975169105677151,0.6754435899905502
DiDi Food,MX,Mexico City,Santa Fe,Wealthy,Prioritized,Delivery Fee (MXN),11.10997014742811,12.35916122966695,11.36955189159799,12.06172325224079,12.83239100759617,11.96258134203914,13.75236208026061,14.19667533609372,10.41360148718821
DiDi Food,MX,Mexico City,Santa Fe,Wealthy,Prioritized,Service Fee (%),0.15267351835016,0.116345250659711,0.2121522164089973,0.1385419156219106,0.1334253900180447,0.1867847735973753,0.215128413083968,0.1940188213273929,0.1776115473582297
DiDi Food,MX,Mexico City,Santa Fe,Wealthy,Prioritized,Avg Delivery Time (mins),35.75434339831995,37.04388383372361,35.88192139875292,37.36586132720283,36.19234172050444,34.3590184081184,34.51856954179836,34.29117002373687,38.20151623819049
DiDi Food,MX,Mexico City,Santa Fe,Wealthy,Prioritized,Customer Satisfaction Score,4.369584360094294,4.523160681940435,4.274278960977886,4.33236620768317,4.525406140139025,4.333080281986372,4.4088657063405,4.486334231242658,4.33449457585384
DiDi Food,MX,Mexico City,Lomas de Chapultepec,Wealthy,Prioritized,Retail SST > SS CVR,0.6830504988893371,0.6018333097207277,0.5987429841977557,0.5438577714061223,0.660589909000832,0.5869619655073126,0.5617710110881049,0.5939035935303942,0.6143172405101439
DiDi Food,MX,Mexico City,Lomas de Chapultepec,Wealthy,Prioritized,Restaurants SST > SS CVR,0.8077666805054108,0.8032489135894508,0.8028354946333597,0.7657063256828278,0.7676608641956182,0.730675646483181,0.8882847472325126,0.7386127483036014,0.7661606501833702
DiDi Food,MX,Mexico City,Lomas de Chapultepec,Wealthy,Prioritized,Delivery Fee (MXN),18.16920780107203,16.80585803143682,19.185879229625,16.53811220166058,17.60578364463224,16.58428854601874,19.58900181206142,16.12848523883923,17.89066893017926
DiDi Food,MX,Mexico City,Lomas de Chapultepec,Wealthy,Prioritized,Service Fee (%),0.1515814994647669,0.1625739545767687,0.1636832937596543,0.167155937193905,0.1633396677217531,0.185557290090221,0.2104901677861499,0.1551298720541662,0.1388836481627413
DiDi Food,MX,Mexico City,Lomas de Chapultepec,Wealthy,Prioritized,Avg Delivery Time (mins),32.51829369183316,31.88535910888309,32.71861033248304,30.34491865307051,29.01828904729658,28.06331385336541,33.84229461064767,34.09762497669017,32.49489740171543
DiDi Food,MX,Mexico City,Lomas de Chapultepec,Wealthy,Prioritized,Customer Satisfaction Score,4.409294698636318,4.424796759506378,4.442351497594891,4.404541442210263,4.361233860535841,4.397781779098526,4.340315506928902,4.46611788043105,4.385712210499263
DiDi Food,MX,Mexico City,Coyoacán,Mixed,Not Prioritized,Retail SST > SS CVR,0.4027153667707879,0.4688749350380686,0.4853594274955101,0.4392334155975294,0.4569375985651626,0.539699079277402,0.3751761189530416,0.3721328767321022,0.4685561768349512
DiDi Food,MX,Mexico City,Coyoacán,Mixed,Not Prioritized,Restaurants SST > SS CVR,0.8626523969953613,0.7300746623317026,0.7625368012367377,0.7932416007457092,0.7691255246902436,0.7922630547419415,0.7192915754656547,0.7737932963214269,0.694639530274374
DiDi Food,MX,Mexico City,Coyoacán,Mixed,Not Prioritized,Delivery Fee (MXN),10.74358242114473,8.853337002889266,10.47412687040454,7.945573906034229,8.626208294443837,7.75297336954572,9.233114151733995,9.940195575477219,9.235304483366823
DiDi Food,MX,Mexico City,Coyoacán,Mixed,Not Prioritized,Service Fee (%),0.166899569999679,0.1461995511300766,0.136176239516226,0.1450293868959216,0.1393091720726651,0.1565207423340478,0.1614926151361677,0.126638779590117,0.1157339097291204
DiDi Food,MX,Mexico City,Coyoacán,Mixed,Not Prioritized,Avg Delivery Time (mins),21.92722774368963,23.16903317899013,20.05665753659831,18.55081633987327,26.06434126169035,19.48994889397191,23.42550238126788,21.81538868977412,22.25546621688953
DiDi Food,MX,Mexico City,Coyoacán,Mixed,Not Prioritized,Customer Satisfaction Score,4.680984915612486,4.689322902050833,4.671251000876961,4.773047614494853,4.652112511777211,4.707879197603266,4.713309746815677,4.614330920831771,4.780344201149728
DiDi Food,MX,Mexico City,Narvarte,Mixed,Not Prioritized,Retail SST > SS CVR,0.3810640010935228,0.422808838689348,0.3886308457078113,0.5061130673050619,0.4429864323053264,0.4489845032776477,0.4292023151581251,0.4503385876281965,0.5637035233185103
DiDi Food,MX,Mexico City,Narvarte,Mixed,Not Prioritized,Restaurants SST > SS CVR,0.7673978862318731,0.7829225314436667,0.7168130888339898,0.7291492172977291,0.7671436652337643,0.7519292903435335,0.7730563353022254,0.7852373966963531,0.8088895381693342
DiDi Food,MX,Mexico City,Narvarte,Mixed,Not Prioritized,Delivery Fee (MXN),17.78745702634442,18.9433364126462,16.70159472864592,19.88313524797214,19.8731653522788,18.79658404000497,20.12997864552176,18.30736731271712,18.62334890790364
DiDi Food,MX,Mexico City,Narvarte,Mixed,Not Prioritized,Service Fee (%),0.0944787719987181,0.08186610529246265,0.1159494854480659,0.08910831185510905,0.07939324328870602,0.07386690944024801,0.08008556898130424,0.07837142634024223,0.08954328715857657
DiDi Food,MX,Mexico City,Narvarte,Mixed,Not Prioritized,Avg Delivery Time (mins),27.11984531022688,32.01331306151413,31.18749653318661,34.76580670059114,28.10049688299928,29.77052158833174,29.93142760128418,32.16718143956006,29.17422677473058
DiDi Food,MX,Mexico City,Narvarte,Mixed,Not Prioritized,Customer Satisfaction Score,4.214199616605556,4.38545007484362,4.407219318053406,4.273652761950469,4.072199572808651,4.276679357197893,4.370484202563396,4.183412645145729,4.349639794001057
DiDi Food,MX,Mexico City,Mixcoac,Mixed,Not Prioritized,Retail SST > SS CVR,0.356355075669837,0.4045134374641655,0.35,0.5090883181527492,0.35,0.404055961689119,0.4644712734127899,0.3629151203844218,0.35
DiDi Food,MX,Mexico City,Mixcoac,Mixed,Not Prioritized,Restaurants SST > SS CVR,0.5749908512787841,0.6707966556596981,0.5867719554274243,0.5637845023520218,0.6492333736548215,0.5669573622981745,0.6885386249623645,0.6311344328519811,0.5728425688777325
DiDi Food,MX,Mexico City,Mixcoac,Mixed,Not Prioritized,Delivery Fee (MXN),8.372773528538804,9.382465790534395,9.871684192553058,9.675595321455246,8.737659854440565,9.260615441052048,7.820622752778715,8.629511380023146,7.269826048260093
DiDi Food,MX,Mexico City,Mixcoac,Mixed,Not Prioritized,Service Fee (%),0.154997084809886,0.194011121822681,0.1564740834938033,0.1464369458459064,0.1574369829894467,0.1268008510815546,0.1343110961019355,0.1777516550310371,0.1406054912927207
DiDi Food,MX,Mexico City,Mixcoac,Mixed,Not Prioritized,Avg Delivery Time (mins),32.32459290620701,32.35530524610853,33.79249927362187,31.81170686792192,31.66398718018435,34.98659739738102,34.44167442297552,35.84972999404449,30.7222341966773
DiDi Food,MX,Mexico City,Mixcoac,Mixed,Not Prioritized,Customer Satisfaction Score,4.046862885836463,4.22992854871243,4.15273213546759,4.142697911735685,4.313609369017633,4.032757311489511,4.189893147335648,4.102810447017233,4.123968362413851
DiDi Food,MX,Mexico City,Tlalpan,Mixed,Not Prioritized,Retail SST > SS CVR,0.7285013916566434,0.7208827877633037,0.6485245023693776,0.7091717991265153,0.7190523711423732,0.680692821175571,0.6614725163758401,0.6271464454297805,0.6043248413510587
DiDi Food,MX,Mexico City,Tlalpan,Mixed,Not Prioritized,Restaurants SST > SS CVR,0.6090756155812047,0.6954071100679743,0.6926291262528168,0.7218401261377179,0.7472566518742276,0.7494934656652501,0.677315919318816,0.6981137055579423,0.7205987887716778
DiDi Food,MX,Mexico City,Tlalpan,Mixed,Not Prioritized,Delivery Fee (MXN),18.27423458268118,16.9204602930131,17.94910202528622,17.79495217844299,16.02170131695279,17.56340354986948,17.38677781580203,17.09081480244968,16.96613139491996
DiDi Food,MX,Mexico City,Tlalpan,Mixed,Not Prioritized,Service Fee (%),0.1508801260041737,0.1420256573635344,0.1643252713736314,0.1773636524272023,0.1530234225332508,0.1587746512505088,0.1866422898912343,0.1574130545883009,0.2046316532821374
DiDi Food,MX,Mexico City,Tlalpan,Mixed,Not Prioritized,Avg Delivery Time (mins),29.57371908370638,27.19806674017969,26.60827334712283,27.75142634420688,24.70621263639481,26.90714901963133,25.45003294839259,25.91172205475547,27.60787805776663
DiDi Food,MX,Mexico City,Tlalpan,Mixed,Not Prioritized,Customer Satisfaction Score,4.700776650830272,4.772545635350887,4.70839591565856,4.735395616099018,4.852305801521551,4.960438411514631,4.832915114061788,4.673859654875971,4.837908227901504
DiDi Food,MX,Mexico City,Doctores,Mixed,Not Prioritized,Retail SST > SS CVR,0.5915914375800052,0.6504328165924569,0.5051994560688244,0.5223768752814527,0.554982806427294,0.536675093116335,0.53683301101242,0.4729862529596809,0.6071451317131632
DiDi Food,MX,Mexico City,Doctores,Mixed,Not Prioritized,Restaurants SST > SS CVR,0.7134581922368739,0.6256038804467405,0.6084817264943533,0.6202393513648874,0.7596513722647512,0.6689292597987697,0.8244321313768047,0.6683097871605227,0.705749732253244
DiDi Food,MX,Mexico City,Doctores,Mixed,Not Prioritized,Delivery Fee (MXN),16.82112104637397,16.84642009522699,16.59073463040052,15.9162457974852,14.33501590220352,15.78765554509999,14.95276265021284,16.27221407088021,16.07570750250294
DiDi Food,MX,Mexico City,Doctores,Mixed,Not Prioritized,Service Fee (%),0.1377827819125731,0.1525362311999285,0.1803186950951968,0.1279343111914215,0.1468949042884972,0.1364316470620355,0.1134373611326304,0.1491144797572376,0.1483331433064259
DiDi Food,MX,Mexico City,Doctores,Mixed,Not Prioritized,Avg Delivery Time (mins),32.3442015536997,33.11802201366092,35.68811744861404,29.81112554282451,31.26528150771917,32.48783182666773,34.25932454165799,31.35605811893115,34.36178862525688
DiDi Food,MX,Mexico City,Doctores,Mixed,Not Prioritized,Customer Satisfaction Score,4.276479257042112,4.421330546511131,4.358253745360857,4.484304113380879,4.293371552133474,4.502532260108237,4.455455230059892,4.423611838502934,4.310745181963079
DiDi Food,MX,Mexico City,Iztapalapa,Non-Wealthy,Not Prioritized,Retail SST > SS CVR,0.817923613762674,0.8564536893702297,0.826759572606229,0.9058901143043383,0.7807944746355793,0.8337829174840468,0.8466494439903353,0.817442422649978,0.6928009920944279
DiDi Food,MX,Mexico City,Iztapalapa,Non-Wealthy,Not Prioritized,Restaurants SST > SS CVR,0.7567088689237388,0.7346435113081095,0.7881928271299496,0.7148348423667839,0.7798437093171717,0.803058128245433,0.8261007755204138,0.7597464105022008,0.7545704268173501
DiDi Food,MX,Mexico City,Iztapalapa,Non-Wealthy,Not Prioritized,Delivery Fee (MXN),16.49549065925239,15.91935510954237,15.30018677417374,15.21763801510404,15.83663735684465,17.70857299954908,15.61439017261891,16.12644866657328,16.24211249252038
DiDi Food,MX,Mexico City,Iztapalapa,Non-Wealthy,Not Prioritized,Service Fee (%),0.0984890324302318,0.1358464382019193,0.1154830091177064,0.1224493746045681,0.1314283446141526,0.08985864312233979,0.1105285067131448,0.1369948538525072,0.09602377179668567
DiDi Food,MX,Mexico City,Iztapalapa,Non-Wealthy,Not Prioritized,Avg Delivery Time (mins),29.29563803388749,36.79153465251207,32.12193941631309,32.65776488784457,30.34511300614803,31.33142296671171,31.10843842143009,30.87828267985752,33.22787615821446
DiDi Food,MX,Mexico City,Iztapalapa,Non-Wealthy,Not Prioritized,Customer Satisfaction Score,4.404020626803492,4.34739604872818,4.455146215610817,4.491859880659077,4.518288791352334,4.466622386153743,4.412275446717688,4.366219208561148,4.457592618930658
DiDi Food,MX,Mexico City,Tláhuac,Non-Wealthy,Not Prioritized,Retail SST > SS CVR,0.5658332954830431,0.6262511233927166,0.6067313098116341,0.7296507852293284,0.7176434417981766,0.5774316793681484,0.5936123155868693,0.6328388261586726,0.6990116418922665
DiDi Food,MX,Mexico City,Tláhuac,Non-Wealthy,Not Prioritized,Restaurants SST > SS CVR,0.6324705956170317,0.5973217298422523,0.5896603384659664,0.6054827626893775,0.5819535083855435,0.6357534545982189,0.7108538617219571,0.6457739024542806,0.6170022636921647
DiDi Food,MX,Mexico City,Tláhuac,Non-Wealthy,Not Prioritized,Delivery Fee (MXN),23.19450885521375,24.06639776034831,23.87245419414944,23.52306376477499,23.49393883394836,22.81912381009552,23.63832933041159,24.43626704085112,22.58153551801887
DiDi Food,MX,Mexico City,Tláhuac,Non-Wealthy,Not Prioritized,Service Fee (%),0.1455700629451987,0.1371508585483185,0.1686469246563645,0.1479434186831847,0.1169124509060821,0.1640625891639335,0.1323151287616495,0.1831439659967803,0.1672789717867224
DiDi Food,MX,Mexico City,Tláhuac,Non-Wealthy,Not Prioritized,Avg Delivery Time (mins),45.48906362065875,43.5746402759046,41.52005396967945,44.1937256270797,45.92343011957343,45.27100493197498,45.62589787063661,43.10277181822438,43.42718951628103
DiDi Food,MX,Mexico City,Tláhuac,Non-Wealthy,Not Prioritized,Customer Satisfaction Score,4.835159726983638,4.753339644961524,4.746452331847978,4.691304920237243,4.829177084731524,4.993069670096492,4.68006388674675,4.789239123839454,4.92803923371372
DiDi Food,MX,Mexico City,Milpa Alta,Non-Wealthy,Not Prioritized,Retail SST > SS CVR,0.8968161098716009,0.8813119664881419,0.9409999817760571,0.9551804091904603,0.8241127435105835,0.8708007105244726,0.8851995322066206,0.8702175720288692,0.9732094371961288
DiDi Food,MX,Mexico City,Milpa Alta,Non-Wealthy,Not Prioritized,Restaurants SST > SS CVR,0.8563267904133878,0.8548482415877678,0.8274707118683666,0.8620532186819857,0.8303589560019496,0.8535520753223818,0.9110089032892991,0.794801898244919,0.9021229545653534
DiDi Food,MX,Mexico City,Milpa Alta,Non-Wealthy,Not Prioritized,Delivery Fee (MXN),18.48861576905026,19.95998470452096,18.56284566763759,16.41396488867427,18.15565239500133,19.64670332610656,19.19983196175579,17.81413389068304,18.08873001079469
DiDi Food,MX,Mexico City,Milpa Alta,Non-Wealthy,Not Prioritized,Service Fee (%),0.1065799679761683,0.1471016549476055,0.1083477317739899,0.1391373115747266,0.1452204621966657,0.1347603591211759,0.1061617349038557,0.1228687429649488,0.1143102290303983
DiDi Food,MX,Mexico City,Milpa Alta,Non-Wealthy,Not Prioritized,Avg Delivery Time (mins),41.42771205987916,39.10271011564418,43.07219105457078,38.44008148976516,39.87870927688139,41.73137212120108,39.66445228494381,42.23790524754462,43.43457511228264
DiDi Food,MX,Mexico City,Milpa Alta,Non-Wealthy,Not Prioritized,Customer Satisfaction Score,4.511378402621427,4.310090670055485,4.342349305463557,4.461514587481934,4.428081980710003,4.445186812443398,4.459042515530809,4.473595949372219,4.521093786711665
DiDi Food,MX,Mexico City,Xochimilco,Non-Wealthy,Not Prioritized,Retail SST > SS CVR,0.5437783184594983,0.562662518219065,0.481827809494745,0.5376502346015708,0.4448995010763854,0.416293868406349,0.5371848501093891,0.5851733091210671,0.5427902694962556
DiDi Food,MX,Mexico City,Xochimilco,Non-Wealthy,Not Prioritized,Restaurants SST > SS CVR,0.4521879934659506,0.4285938873654617,0.4508336325479498,0.4719593131916086,0.4648852806521112,0.4908328875201098,0.4335859781346657,0.481015586571962,0.442382962783962
DiDi Food,MX,Mexico City,Xochimilco,Non-Wealthy,Not Prioritized,Delivery Fee (MXN),22.93620559671237,21.52078741050642,22.70692342934836,21.66106612590944,22.38705732698025,21.40177149252484,21.13683902009668,22.1394075888099,20.16234279114029
DiDi Food,MX,Mexico City,Xochimilco,Non-Wealthy,Not Prioritized,Service Fee (%),0.1339103995595982,0.1187621000468488,0.118479689998192,0.1588419002692474,0.1740480158814144,0.1377467640590264,0.1364593139659757,0.1412367916920395,0.1630733144819397
DiDi Food,MX,Mexico City,Xochimilco,Non-Wealthy,Not Prioritized,Avg Delivery Time (mins),29.96787893804899,31.59983572164282,29.80312924033062,30.55667925565595,30.57938453223192,34.64788691712677,25.65275337918769,27.89695045205849,32.22093029070901
DiDi Food,MX,Mexico City,Xochimilco,Non-Wealthy,Not Prioritized,Customer Satisfaction Score,4.446337437326758,4.467793893349335,4.576826199532399,4.642766570610969,4.61303019017051,4.645535197749244,4.555751493919294,4.489082108702264,4.321342163622388
